Date,AAPL,MSFT
2020-01-02,72.46827697753906,152.5056610107422
2020-01-03,71.76373291015625,150.6067352294922
2020-01-06,72.33555603027344,150.99598693847656
2020-01-07,71.9953384399414,149.6192626953125
2020-01-08,73.15350341796875,152.00245666503906
2020-01-09,74.70734405517578,153.9014129638672
2020-01-10,74.876220703125,153.18927001953125
2020-01-13,76.47589874267578,155.03134155273438
2020-01-14,75.44322204589844,153.9393768310547
2020-01-15,75.11994171142578,154.93634033203125
2020-01-16,76.0609130859375,157.7753143310547
2020-01-17,76.9029769897461,158.65834045410156
2020-01-21,76.38182830810547,158.08860778808594
2020-01-22,76.65446472167969,157.32907104492188
2020-01-23,77.02362060546875,158.29757690429688
2020-01-24,76.80162048339844,156.70242309570312
2020-01-27,74.54325866699219,154.08181762695312
2020-01-28,76.65204620361328,157.1011962890625
2020-01-29,78.25653839111328,159.55084228515625
2020-01-30,78.14314270019531,164.05137634277344
2020-01-31,74.67839050292969,161.6302032470703
2020-02-03,74.47329711914062,165.5706024169922
2020-02-04,76.93193817138672,171.02061462402344
2020-02-05,77.55924987792969,170.81167602539062
2020-02-06,78.4664535522461,174.353271484375
2020-02-07,77.39990234375,174.60012817382812
2020-02-10,77.76750183105469,179.1671142578125
2020-02-11,77.29832458496094,175.1223602294922
2020-02-12,79.13397979736328,175.37872314453125
2020-02-13,78.57046508789062,174.42921447753906
2020-02-14,78.58979797363281,175.9863739013672
2020-02-18,77.15079498291016,177.77139282226562
2020-02-19,78.26815795898438,178.30453491210938
2020-02-20,77.4651870727539,175.58160400390625
2020-02-21,75.71177673339844,170.03102111816406
2020-02-24,72.11543273925781,162.70001220703125
2020-02-25,69.67272186279297,160.01519775390625
2020-02-26,70.77799224853516,162.01455688476562
2020-02-27,66.1513671875,150.59915161132812
2020-02-28,66.1126480102539,154.24562072753906
2020-03-02,72.26780700683594,164.50901794433594
2020-03-03,69.97261047363281,156.62579345703125
2020-03-04,73.21829986572266,162.3763427734375
2020-03-05,70.84330749511719,158.3014678955078
2020-03-06,69.90249633789062,153.82672119140625
2020-03-09,64.37376403808594,143.40147399902344
2020-03-10,69.0100326538086,153.20787048339844
2020-03-11,66.61328887939453,146.26724243164062
2020-03-12,60.0349235534668,132.39553833007812
2020-03-13,67.22760009765625,151.21803283691406
2020-03-16,58.5789794921875,128.9299774169922
2020-03-17,61.154701232910156,139.5455780029297
2020-03-18,59.65763854980469,133.67132568359375
2020-03-19,59.20053482055664,135.87059020996094
2020-03-20,55.44215774536133,130.7674560546875
2020-03-23,54.264339447021484,129.463134765625
2020-03-24,59.70842361450195,141.2307586669922
2020-03-25,59.37950897216797,139.87881469726562
2020-03-26,62.504234313964844,148.62838745117188
2020-03-27,59.916419982910156,142.52557373046875
2020-03-30,61.626312255859375,152.55093383789062
2020-03-31,61.50054168701172,150.1516876220703
2020-04-01,58.26456832885742,144.82008361816406
2020-04-02,59.236820220947266,147.81912231445312
2020-04-03,58.38549041748047,146.4576416015625
2020-04-06,63.47890090942383,157.349365234375
2020-04-07,62.74366760253906,155.65472412109375
2020-04-08,64.34955596923828,157.21607971191406
2020-04-09,64.81393432617188,157.2256317138672
2020-04-13,66.0860366821289,157.577880859375
2020-04-14,69.42362213134766,165.37538146972656
2020-04-15,68.78996276855469,163.64259338378906
2020-04-16,69.33658599853516,168.5552978515625
2020-04-17,68.395751953125,170.04054260253906
2020-04-20,66.97607421875,166.67019653320312
2020-04-21,64.90581512451172,159.77720642089844
2020-04-22,66.77532958984375,165.2040252685547
2020-04-23,66.51656341552734,163.20468139648438
2020-04-24,68.43685913085938,166.18466186523438
2020-04-27,68.4852294921875,165.70860290527344
2020-04-28,67.37511444091797,161.6717987060547
2020-04-29,69.58807373046875,168.92662048339844
2020-04-30,71.05612182617188,170.62127685546875
2020-05-01,69.91216278076172,166.20370483398438
2020-05-04,70.90132904052734,170.26902770996094
2020-05-05,71.96548461914062,172.0970001220703
2020-05-06,72.70796203613281,173.79171752929688
2020-05-07,73.46012115478516,174.8009490966797
2020-05-08,75.20860290527344,175.82916259765625
2020-05-11,76.39202880859375,177.79043579101562
2020-05-12,75.5190200805664,173.76312255859375
2020-05-13,74.60719299316406,171.13543701171875
2020-05-14,75.06552124023438,171.87806701660156
2020-05-15,74.62173461914062,174.38201904296875
2020-05-18,76.3799057006836,176.04812622070312
2020-05-19,75.93854522705078,174.8295135498047
2020-05-20,77.41542053222656,177.2545166015625
2020-05-21,76.83824157714844,175.12545776367188
2020-05-22,77.33294677734375,175.2018280029297
2020-05-26,76.80916595458984,173.3496856689453
2020-05-27,77.143798828125,173.5787811279297
2020-05-28,77.17776489257812,173.18736267089844
2020-05-29,77.10259246826172,174.95358276367188
2020-06-01,78.05078125,174.55259704589844
2020-06-02,78.412109375,176.5384521484375
2020-06-03,78.84378814697266,176.9680938720703
2020-06-04,78.16477966308594,174.63856506347656
2020-06-05,80.3909683227539,178.7247772216797
2020-06-08,80.86627197265625,179.83224487304688
2020-06-09,83.41986846923828,181.2070770263672
2020-06-10,85.56605529785156,187.92831420898438
2020-06-11,81.45800018310547,177.8368682861328
2020-06-12,82.16126251220703,179.2403106689453
2020-06-15,83.17737579345703,180.38600158691406
2020-06-16,85.38174438476562,184.80638122558594
2020-06-17,85.262939453125,185.44602966308594
2020-06-18,85.2968978881836,187.43186950683594
2020-06-19,84.80943298339844,186.31488037109375
2020-06-22,87.02838897705078,191.48947143554688
2020-06-23,88.88597869873047,192.76878356933594
2020-06-24,87.31696319580078,188.88304138183594
2020-06-25,88.47614288330078,191.26988220214844
2020-06-26,85.75764465332031,187.44142150878906
2020-06-29,87.73408508300781,189.4558563232422
2020-06-30,88.46643829345703,194.29637145996094
2020-07-01,88.29911041259766,195.43246459960938
2020-07-02,88.29911041259766,196.92184448242188
2020-07-06,90.66112518310547,201.1608428955078
2020-07-07,90.37982177734375,198.82176208496094
2020-07-08,92.48479461669922,203.19442749023438
2020-07-09,92.88249206542969,204.61692810058594
2020-07-10,93.04496765136719,203.9963836669922
2020-07-13,92.61572265625,197.6951446533203
2020-07-14,94.14839172363281,198.91725158691406
2020-07-15,94.79586029052734,198.62127685546875
2020-07-16,93.62940979003906,194.6877899169922
2020-07-17,93.44024658203125,193.69483947753906
2020-07-20,95.40938568115234,202.0200958251953
2020-07-21,94.09259033203125,199.2991180419922
2020-07-22,94.35694122314453,202.16329956054688
2020-07-23,90.06214141845703,193.37025451660156
2020-07-24,89.83902740478516,192.18641662597656
2020-07-27,91.96823120117188,194.6209716796875
2020-07-28,90.45743560791016,192.87380981445312
2020-07-29,92.19132995605469,194.82147216796875
2020-07-30,93.30687713623047,194.66868591308594
2020-07-31,103.07506561279297,195.7284393310547
2020-08-03,105.67228698730469,206.73643493652344
2020-08-04,106.37797546386719,203.63357543945312
2020-08-05,106.7635726928711,203.2993927001953
2020-08-06,110.48847961425781,206.5550537109375
2020-08-07,107.97643280029297,202.86026000976562
2020-08-10,109.54583740234375,198.82176208496094
2020-08-11,106.28797912597656,194.17225646972656
2020-08-12,109.82038116455078,199.71917724609375
2020-08-13,111.76392364501953,199.25140380859375
2020-08-14,111.664306640625,199.44232177734375
2020-08-17,111.37278747558594,200.75987243652344
2020-08-18,112.30082702636719,201.91505432128906
2020-08-19,112.44173431396484,200.6900634765625
2020-08-20,114.9367904663086,205.3603973388672
2020-08-21,120.85974884033203,203.8673858642578
2020-08-24,122.3052749633789,204.5086212158203
2020-08-25,121.30189514160156,207.1691436767578
2020-08-26,122.95149230957031,211.6481170654297
2020-08-27,121.48167419433594,216.84481811523438
2020-08-28,121.284912109375,219.07469177246094
2020-08-31,125.39794158935547,215.8398895263672
2020-09-01,130.3928680419922,217.5051727294922
2020-09-02,127.69134521484375,221.6969451904297
2020-09-03,117.46825408935547,207.96351623535156
2020-09-04,117.5459976196289,205.0446014404297
2020-09-08,109.63572692871094,193.95257568359375
2020-09-09,114.00874328613281,202.2117462158203
2020-09-10,110.28682708740234,196.54612731933594
2020-09-11,108.8388900756836,195.26370239257812
2020-09-14,112.10404968261719,196.5843963623047
2020-09-15,112.27897644042969,199.80960083007812
2020-09-16,108.96519470214844,196.2398681640625
2020-09-17,107.22573852539062,194.19178771972656
2020-09-18,103.82452392578125,191.78009033203125
2020-09-21,106.97308349609375,193.8376922607422
2020-09-22,108.65425109863281,198.50807189941406
2020-09-23,104.09660339355469,191.97149658203125
2020-09-24,105.16556549072266,194.4597625732422
2020-09-25,109.11100006103516,198.890869140625
2020-09-28,111.7153549194336,200.44122314453125
2020-09-29,110.86988830566406,198.35488891601562
2020-09-30,112.54135131835938,201.29302978515625
2020-10-01,113.49366760253906,203.33148193359375
2020-10-02,109.830078125,197.33084106445312
2020-10-05,113.21186828613281,201.34083557128906
2020-10-06,109.96615600585938,197.06292724609375
2020-10-07,111.83196258544922,200.814453125
2020-10-08,111.72505950927734,201.53225708007812
2020-10-09,113.66861724853516,206.53756713867188
2020-10-12,120.88890838623047,211.88731384277344
2020-10-13,117.68204498291016,213.28468322753906
2020-10-14,117.76949310302734,211.37057495117188
2020-10-15,117.30306243896484,210.2221221923828
2020-10-16,115.6607437133789,210.2221221923828
2020-10-19,112.70655822753906,205.01589965820312
2020-10-20,114.1933822631836,205.42738342285156
2020-10-21,113.5714340209961,205.57095336914062
2020-10-22,112.48304748535156,205.65708923339844
2020-10-23,111.79307556152344,206.9394989013672
2020-10-26,111.80278778076172,201.0537567138672
2020-10-27,113.30905151367188,204.0875244140625
2020-10-28,108.06145477294922,193.9716339111328
2020-10-29,112.06517028808594,195.92405700683594
2020-10-30,105.78750610351562,193.7707061767578
2020-11-02,105.70004272460938,193.63670349121094
2020-11-03,107.32292175292969,197.56053161621094
2020-11-04,111.70560455322266,207.09259033203125
2020-11-05,115.67046356201172,213.6961669921875
2020-11-06,115.5390625,214.1077117919922
2020-11-09,113.23197937011719,209.00668334960938
2020-11-10,112.89126586914062,201.94374084472656
2020-11-11,116.31781768798828,207.2457733154297
2020-11-12,116.04524993896484,206.18345642089844
2020-11-13,116.09395599365234,207.20748901367188
2020-11-16,117.10633850097656,207.89654541015625
2020-11-17,116.220458984375,205.2455291748047
2020-11-18,114.89657592773438,202.53968811035156
2020-11-19,115.49037170410156,203.82540893554688
2020-11-20,114.22489166259766,201.8775634765625
2020-11-23,110.82754516601562,201.60891723632812
2020-11-24,112.11249542236328,205.20718383789062
2020-11-25,112.94966125488281,205.21676635742188
2020-11-27,113.49479675292969,206.52171325683594
2020-11-30,115.8895034790039,205.40870666503906
2020-12-01,119.46208190917969,207.4621124267578
2020-12-02,119.81251525878906,206.65606689453125
2020-12-03,119.67623138427734,205.5718231201172
2020-12-04,119.00455474853516,205.68692016601562
2020-12-07,120.4647216796875,205.6197509765625
2020-12-08,121.07798767089844,207.2701873779297
2020-12-09,118.54701232910156,203.23056030273438
2020-12-10,119.96826171875,202.00230407714844
2020-12-11,119.1603012084961,204.63145446777344
2020-12-14,118.54701232910156,205.5334014892578
2020-12-15,124.48506927490234,205.4662628173828
2020-12-16,124.41693115234375,210.40789794921875
2020-12-17,125.28328704833984,210.5421905517578
2020-12-18,123.29747009277344,209.74575805664062
2020-12-21,124.82579040527344,213.5839385986328
2020-12-22,128.37887573242188,214.87933349609375
2020-12-23,127.48332977294922,212.0774383544922
2020-12-24,128.46649169921875,213.73745727539062
2020-12-28,133.06121826171875,215.85806274414062
2020-12-29,131.28948974609375,215.08087158203125
2020-12-30,130.17001342773438,212.71078491210938
2020-12-31,129.16741943359375,213.42080688476562
2021-01-04,125.97445678710938,208.88223266601562
2021-01-05,127.531982421875,209.083740234375
2021-01-06,123.23907470703125,203.66226196289062
2021-01-07,127.44438171386719,209.45794677734375
2021-01-08,128.5443878173828,210.73411560058594
2021-01-11,125.55586242675781,208.69033813476562
2021-01-12,125.38066101074219,206.23385620117188
2021-01-13,127.4151611328125,207.5868682861328
2021-01-14,125.48776245117188,204.40113830566406
2021-01-15,123.76472473144531,204.04612731933594
2021-01-19,124.43641662597656,207.6827850341797
2021-01-20,128.52488708496094,215.26309204101562
2021-01-21,133.23641967773438,215.86764526367188
2021-01-22,135.3780059814453,216.80799865722656
2021-01-25,139.12582397460938,220.24319458007812
2021-01-26,139.35940551757812,222.92987060546875
2021-01-27,138.2886505126953,223.47679138183594
2021-01-28,133.45057678222656,229.26283264160156
2021-01-29,128.456787109375,222.57484436035156
2021-02-01,130.57891845703125,229.95367431640625
2021-02-02,131.40635681152344,229.8193817138672
2021-02-03,130.38421630859375,233.16818237304688
2021-02-04,133.7426300048828,232.2182159423828
2021-02-05,133.3282928466797,232.4005126953125
2021-02-08,133.47451782226562,232.65960693359375
2021-02-09,132.5970916748047,233.9070281982422
2021-02-10,131.99266052246094,232.99546813964844
2021-02-11,131.73919677734375,234.59786987304688
2021-02-12,131.97315979003906,235.07766723632812
2021-02-16,129.84786987304688,233.83982849121094
2021-02-17,127.55682373046875,234.85928344726562
2021-02-18,126.4552230834961,234.4649658203125
2021-02-19,126.61115264892578,231.75282287597656
2021-02-22,122.83826446533203,225.53988647460938
2021-02-23,122.70178985595703,224.34735107421875
2021-02-24,122.20457458496094,225.5784149169922
2021-02-25,117.95398712158203,220.23109436035156
2021-02-26,118.21723175048828,223.4913787841797
2021-03-01,124.5833511352539,227.87698364257812
2021-03-02,121.9803466796875,224.9243927001953
2021-03-03,118.99713897705078,218.8557586669922
2021-03-04,117.11556243896484,218.05752563476562
2021-03-05,118.37319946289062,222.74122619628906
2021-03-08,113.44017791748047,218.69224548339844
2021-03-09,118.05147552490234,224.837890625
2021-03-10,116.96932220458984,223.52987670898438
2021-03-11,118.899658203125,228.0597381591797
2021-03-12,117.99299621582031,226.7325439453125
2021-03-15,120.87871551513672,225.8284454345703
2021-03-16,122.41907501220703,228.61756896972656
2021-03-17,121.62939453125,227.97317504882812
2021-03-18,117.50553894042969,221.89488220214844
2021-03-19,116.97908782958984,221.53904724121094
2021-03-22,120.29377746582031,226.96331787109375
2021-03-23,119.46510314941406,228.49249267578125
2021-03-24,117.07657623291016,226.45358276367188
2021-03-25,117.56401824951172,223.4529571533203
2021-03-26,118.16847229003906,227.43453979492188
2021-03-29,118.3439712524414,226.24203491210938
2021-03-30,116.89134979248047,222.98170471191406
2021-03-31,119.08489227294922,226.75173950195312
2021-04-01,119.91353607177734,233.08006286621094
2021-04-05,122.74079132080078,239.5430145263672
2021-04-06,123.04301452636719,238.3792724609375
2021-04-07,124.69060516357422,240.34124755859375
2021-04-08,127.0888442993164,243.5631561279297
2021-04-09,129.66262817382812,246.06370544433594
2021-04-12,127.94678497314453,246.12136840820312
2021-04-13,131.05674743652344,248.60269165039062
2021-04-14,128.71694946289062,245.8136444091797
2021-04-15,131.125,249.57406616210938
2021-04-16,130.79351806640625,250.7666015625
2021-04-19,131.45645141601562,248.84310913085938
2021-04-20,129.76988220214844,248.3815155029297
2021-04-21,130.1501007080078,250.6127471923828
2021-04-22,128.62921142578125,247.3332061767578
2021-04-23,130.94949340820312,251.16091918945312
2021-04-26,131.33946228027344,251.54559326171875
2021-04-27,131.01771545410156,251.94956970214844
2021-04-28,130.2280731201172,244.82301330566406
2021-04-29,130.13055419921875,242.85142517089844
2021-04-30,128.1612548828125,242.5340576171875
2021-05-03,129.21412658691406,242.2262725830078
2021-05-04,124.64186096191406,238.3119354248047
2021-05-05,124.88558197021484,237.04244995117188
2021-05-06,126.48444366455078,240.1777801513672
2021-05-07,127.15825653076172,242.8033447265625
2021-05-10,123.87701416015625,237.7252960205078
2021-05-11,122.95903778076172,236.81166076660156
2021-05-12,119.89261627197266,229.8582000732422
2021-05-13,122.04106903076172,233.7340545654297
2021-05-14,124.46295166015625,238.658203125
2021-05-17,123.31060791015625,235.80178833007812
2021-05-18,121.92388153076172,233.7821044921875
2021-05-19,121.76763153076172,234.36050415039062
2021-05-20,124.32620239257812,237.59947204589844
2021-05-21,122.49030303955078,236.336669921875
2021-05-24,124.12114715576172,241.7445526123047
2021-05-25,123.92582702636719,242.65066528320312
2021-05-26,123.87701416015625,242.42897033691406
2021-05-27,122.34380340576172,240.3274688720703
2021-05-28,121.68948364257812,240.68411254882812
2021-06-01,121.36724090576172,238.4862518310547
2021-06-02,122.12896728515625,238.38990783691406
2021-06-03,120.64459228515625,236.85719299316406
2021-06-04,122.93950653076172,241.754150390625
2021-06-07,122.94927215576172,244.6653594970703
2021-06-08,123.76956176757812,243.47006225585938
2021-06-09,124.15044403076172,244.4532928466797
2021-06-10,123.15435028076172,247.9718017578125
2021-06-11,124.36527252197266,248.59835815429688
2021-06-14,127.42190551757812,250.52627563476562
2021-06-15,126.60160064697266,249.0513916015625
2021-06-16,127.09964752197266,248.1067352294922
2021-06-17,128.70123291015625,251.49990844726562
2021-06-18,127.40238189697266,250.08290100097656
2021-06-21,129.19927978515625,253.1675567626953
2021-06-22,130.8398895263672,255.94383239746094
2021-06-23,130.56646728515625,255.7124481201172
2021-06-24,130.2832489013672,257.0813293457031
2021-06-25,129.99029541015625,255.47140502929688
2021-06-28,131.62115478515625,259.03814697265625
2021-06-29,133.1348114013672,261.6215515136719
2021-06-30,133.7500762939453,261.13958740234375
2021-07-01,134.0528106689453,261.81439208984375
2021-07-02,136.6797332763672,267.64642333984375
2021-07-06,138.69143676757812,267.6560363769531
2021-07-07,141.18170166015625,269.8442077636719
2021-07-08,139.8828887939453,267.4247131347656
2021-07-09,141.7090606689453,267.9259338378906
2021-07-12,141.1133270263672,267.32830810546875
2021-07-13,142.22659301757812,270.8564147949219
2021-07-14,145.65435791015625,272.3313293457031
2021-07-15,145.0000457763672,270.90472412109375
2021-07-16,142.9590301513672,270.6347351074219
2021-07-19,139.111328125,267.0295104980469
2021-07-20,142.72463989257812,269.2562561035156
2021-07-21,141.9922332763672,271.2613525390625
2021-07-22,143.35943603515625,275.8305358886719
2021-07-23,145.0781707763672,279.2332763671875
2021-07-26,145.49813842773438,278.6357116699219
2021-07-27,143.33013916015625,276.2161560058594
2021-07-28,141.5820770263672,275.90765380859375
2021-07-29,142.22659301757812,276.1775207519531
2021-07-30,142.44142150878906,274.6448059082031
2021-08-02,142.1094207763672,274.5580749511719
2021-08-03,143.90631103515625,276.7752380371094
2021-08-04,143.5059356689453,276.1872253417969
2021-08-05,143.6133270263672,279.0887145996094
2021-08-06,142.92869567871094,279.03094482421875
2021-08-09,142.8798370361328,277.94158935546875
2021-08-10,142.40061950683594,276.1197204589844
2021-08-11,142.65489196777344,276.61138916015625
2021-08-12,145.6182861328125,279.3682861328125
2021-08-13,145.82369995117188,282.29876708984375
2021-08-16,147.79928588867188,283.9857482910156
2021-08-17,146.88975524902344,282.52044677734375
2021-08-18,143.1438751220703,280.79168701171875
2021-08-19,143.47640991210938,286.62518310546875
2021-08-20,144.93365478515625,293.95574951171875
2021-08-23,146.42030334472656,294.2358093261719
2021-08-24,146.33226013183594,292.2751770019531
2021-08-25,145.0999298095703,291.6861572265625
2021-08-26,144.2979736328125,288.8658752441406
2021-08-27,145.3346710205078,289.4743347167969
2021-08-30,149.7553253173828,293.2121276855469
2021-08-31,148.49371337890625,291.5604248046875
2021-09-01,149.1587371826172,291.5122375488281
2021-09-02,150.27366638183594,290.8554992675781
2021-09-03,150.90943908691406,290.8458557128906
2021-09-07,153.24691772460938,289.9185485839844
2021-09-08,151.7016143798828,289.94757080078125
2021-09-09,150.68446350097656,287.08880615234375
2021-09-10,145.69651794433594,285.6014709472656
2021-09-13,146.26380920410156,286.8376770019531
2021-09-14,144.86521911621094,289.5420227050781
2021-09-15,145.75523376464844,294.40008544921875
2021-09-16,145.52044677734375,294.7862854003906
2021-09-17,142.85047912597656,289.61920166015625
2021-09-20,139.79904174804688,284.2395935058594
2021-09-21,140.27828979492188,284.7225646972656
2021-09-22,142.64511108398438,288.37335205078125
2021-09-23,143.6035919189453,289.3197937011719
2021-09-24,143.6915740966797,289.1169738769531
2021-09-27,142.17562866210938,284.1141052246094
2021-09-28,138.7916717529297,273.8280944824219
2021-09-29,139.6914520263672,274.2917785644531
2021-09-30,138.39071655273438,272.2828369140625
2021-10-01,139.51539611816406,279.2174072265625
2021-10-04,136.08255004882812,273.43218994140625
2021-10-05,138.00927734375,278.8890075683594
2021-10-06,138.8796844482422,283.09027099609375
2021-10-07,140.14132690429688,284.77081298828125
2021-10-08,139.7599334716797,284.77081298828125
2021-10-11,139.671875,284.1720886230469
2021-10-12,138.4004669189453,282.8681945800781
2021-10-13,137.8136444091797,286.1809387207031
2021-10-14,140.60101318359375,292.4007263183594
2021-10-15,141.65731811523438,293.8108825683594
2021-10-18,143.3297119140625,296.78564453125
2021-10-19,145.49118041992188,297.69354248046875
2021-10-20,145.9801483154297,296.9014587402344
2021-10-21,146.1953582763672,300.1369934082031
2021-10-22,145.4226837158203,298.59161376953125
2021-10-25,145.373779296875,297.5968933105469
2021-10-26,146.0388641357422,299.50909423828125
2021-10-27,145.57919311523438,312.12274169921875
2021-10-28,149.21743774414062,313.26239013671875
2021-10-29,146.50830078125,320.28387451171875
2021-11-01,145.68675231933594,318.11083984375
2021-11-02,146.7234649658203,321.7423095703125
2021-11-03,148.1611785888672,322.5825500488281
2021-11-04,147.64280700683594,324.93914794921875
2021-11-05,148.1717071533203,324.5721435546875
2021-11-08,147.34896850585938,325.47021484375
2021-11-09,147.71139526367188,324.4658203125
2021-11-10,144.8807373046875,319.4919128417969
2021-11-11,144.83177185058594,321.0661926269531
2021-11-12,146.90823364257812,325.2095642089844
2021-11-15,146.9180450439453,324.5817565917969
2021-11-16,147.8974609375,327.9041748046875
2021-11-17,150.33631896972656,328.126708984375
2021-11-18,154.6262969970703,330.20703125
2021-11-19,157.25125122070312,331.98736572265625
2021-11-22,157.71157836914062,328.813720703125
2021-11-23,158.0935821533203,326.73333740234375
2021-11-24,158.61268615722656,326.9559631347656
2021-11-26,153.58807373046875,318.99273681640625
2021-11-29,156.9475860595703,325.7174377441406
2021-11-30,161.90367126464844,319.8731689453125
2021-12-01,161.38453674316406,319.3797912597656
2021-12-02,160.39529418945312,318.8089294433594
2021-12-03,158.5147247314453,312.5389709472656
2021-12-06,161.9232177734375,315.61590576171875
2021-12-07,167.662841796875,324.0628662109375
2021-12-08,171.48272705078125,324.111328125
2021-12-09,170.973388671875,322.3019104003906
2021-12-10,175.76290893554688,331.4358825683594
2021-12-13,172.12916564941406,328.39764404296875
2021-12-14,170.74810791015625,317.6961364746094
2021-12-15,175.6160125732422,323.8016052246094
2021-12-16,168.72064208984375,314.3677062988281
2021-12-17,167.62367248535156,313.3033447265625
2021-12-20,166.26222229003906,309.5394287109375
2021-12-21,169.43565368652344,316.68023681640625
2021-12-22,172.0312042236328,322.3986511230469
2021-12-23,172.65805053710938,323.84033203125
2021-12-27,176.62481689453125,331.34881591796875
2021-12-28,175.60621643066406,330.1876525878906
2021-12-29,175.69435119628906,330.8650207519531
2021-12-30,174.53858947753906,328.3202209472656
2021-12-31,173.9215545654297,325.41754150390625
2022-01-03,178.27029418945312,323.89837646484375
2022-01-04,176.00778198242188,318.3445129394531
2022-01-05,171.32598876953125,306.1239318847656
2022-01-06,168.46600341796875,303.7049255371094
2022-01-07,168.63247680664062,303.8597412109375
2022-01-10,168.652099609375,304.082275390625
2022-01-11,171.48272705078125,304.7693176269531
2022-01-12,171.9234619140625,307.95257568359375
2022-01-13,168.652099609375,294.91925048828125
2022-01-14,169.5140380859375,300.1442565917969
2022-01-18,166.3111572265625,292.83892822265625
2022-01-19,162.81454467773438,293.4969482421875
2022-01-20,161.12989807128906,291.8229675292969
2022-01-21,159.07302856445312,286.4335632324219
2022-01-24,158.29928588867188,286.76263427734375
2022-01-25,156.49705505371094,279.13800048828125
2022-01-26,156.40892028808594,287.091552734375
2022-01-27,155.94859313964844,290.1200256347656
2022-01-28,166.8302764892578,298.2671203613281
2022-01-31,171.18890380859375,300.89892578125
2022-02-01,171.02235412597656,298.7508850097656
2022-02-02,172.22708129882812,303.2985534667969
2022-02-03,169.3474884033203,291.484375
2022-02-04,169.06309509277344,296.0223693847656
2022-02-07,168.34718322753906,291.1940612792969
2022-02-08,171.45602416992188,294.6869812011719
2022-02-09,172.8780059814453,301.12152099609375
2022-02-10,168.79830932617188,292.57781982421875
2022-02-11,165.385498046875,285.4756774902344
2022-02-14,165.620849609375,285.4369812011719
2022-02-15,169.45538330078125,290.7297058105469
2022-02-16,169.2200164794922,290.3902893066406
2022-02-17,165.620849609375,281.8869934082031
2022-02-18,164.07131958007812,279.1722412109375
2022-02-22,161.1488037109375,278.96856689453125
2022-02-23,156.9808807373047,271.7452087402344
2022-02-24,159.599365234375,285.629638671875
2022-02-25,161.66864013671875,288.2668762207031
2022-02-28,161.93341064453125,289.7018737792969
2022-03-01,160.05043029785156,285.9787292480469
2022-03-02,163.34559631347656,291.0592956542969
2022-03-03,163.02197265625,286.9191589355469
2022-03-04,160.0210723876953,281.04345703125
2022-03-07,156.22573852539062,270.42657470703125
2022-03-08,154.40159606933594,267.45965576171875
2022-03-09,159.80526733398438,279.7249450683594
2022-03-10,155.4607696533203,276.9033203125
2022-03-11,151.7439422607422,271.5513000488281
2022-03-14,147.71322631835938,268.03167724609375
2022-03-15,152.0969696044922,278.4159851074219
2022-03-16,156.51011657714844,285.4356994628906
2022-03-17,157.520263671875,286.24041748046875
2022-03-18,160.81539916992188,291.29193115234375
2022-03-21,162.1884002685547,290.0606689453125
2022-03-22,165.56202697753906,294.8116760253906
2022-03-23,166.92514038085938,290.3805847167969
2022-03-24,170.710693359375,294.8503723144531
2022-03-25,171.34815979003906,294.443115234375
2022-03-28,172.21119689941406,301.2497253417969
2022-03-29,175.50633239746094,305.81640625
2022-03-30,174.3392791748047,304.3134765625
2022-03-31,171.24024963378906,298.9323425292969
2022-04-01,170.94606018066406,300.008544921875
2022-04-04,174.99636840820312,305.3897399902344
2022-04-05,171.6815643310547,301.42413330078125
2022-04-06,168.51394653320312,290.3902893066406
2022-04-07,168.81793212890625,292.203369140625
2022-04-08,166.80747985839844,287.937255859375
2022-04-11,162.55125427246094,276.58343505859375
2022-04-12,164.42437744140625,273.480712890625
2022-04-13,167.11151123046875,278.87164306640625
2022-04-14,162.10009765625,271.31854248046875
2022-04-18,161.88436889648438,271.9875793457031
2022-04-19,164.16941833496094,276.6221618652344
2022-04-20,164.002685546875,277.64996337890625
2022-04-21,163.20828247070312,272.2687072753906
2022-04-22,158.66766357421875,265.6949768066406
2022-04-25,159.73663330078125,272.1815490722656
2022-04-26,153.7739715576172,262.00091552734375
2022-04-27,153.54843139648438,274.6054992675781
2022-04-28,160.48193359375,280.82049560546875
2022-04-29,154.6075897216797,269.0788879394531
2022-05-02,154.9115753173828,275.8174743652344
2022-05-03,156.40225219726562,273.2092590332031
2022-05-04,162.81600952148438,281.1598815917969
2022-05-05,153.74456787109375,268.9140319824219
2022-05-06,154.4713134765625,266.3736877441406
2022-05-09,149.34454345703125,256.5323791503906
2022-05-10,151.75079345703125,261.302734375
2022-05-11,143.88380432128906,252.62501525878906
2022-05-12,140.01419067382812,247.5831756591797
2022-05-13,144.4829559326172,253.17770385742188
2022-05-16,142.9409637451172,253.54612731933594
2022-05-17,146.57492065429688,258.7043151855469
2022-05-18,138.30528259277344,246.92556762695312
2022-05-19,134.89724731445312,246.01202392578125
2022-05-20,135.1329345703125,245.44837951660156
2022-05-23,140.5543670654297,253.3105926513672
2022-05-24,137.85345458984375,252.3096160888672
2022-05-25,138.0106201171875,255.1279296875
2022-05-26,141.21237182617188,258.41278076171875
2022-05-27,146.96775817871094,265.54608154296875
2022-05-31,146.1820831298828,264.2146301269531
2022-06-01,146.0543975830078,264.7491760253906
2022-06-02,148.50973510742188,266.8482971191406
2022-06-03,142.7838592529297,262.4167175292969
2022-06-06,143.5302734375,261.18243408203125
2022-06-07,146.0543975830078,264.8268737792969
2022-06-08,145.31777954101562,262.7958068847656
2022-06-09,140.09275817871094,257.3340148925781
2022-06-10,134.68118286132812,245.86627197265625
2022-06-13,129.52491760253906,235.4384307861328
2022-06-14,130.38919067382812,237.6056365966797
2022-06-15,133.01156616210938,244.67088317871094
2022-06-16,127.73741912841797,238.07212829589844
2022-06-17,129.2106170654297,240.67662048339844
2022-06-21,133.4436492919922,246.5951690673828
2022-06-22,132.9329376220703,246.00234985351562
2022-06-23,135.80081176757812,251.57095336914062
2022-06-24,139.13027954101562,260.162109375
2022-06-27,139.13027954101562,257.43121337890625
2022-06-28,134.98562622070312,249.25799560546875
2022-06-29,136.74366760253906,252.9315948486328
2022-06-30,134.27850341796875,249.59812927246094
2022-07-01,136.44898986816406,252.2706756591797
2022-07-05,139.0320587158203,255.4486846923828
2022-07-06,140.36776733398438,258.7140197753906
2022-07-07,143.73654174804688,260.8423767089844
2022-07-08,144.4141845703125,260.1231994628906
2022-07-11,142.282958984375,257.0618896484375
2022-07-12,143.2552490234375,246.527099609375
2022-07-13,142.8918914794922,245.6038818359375
2022-07-14,145.8186492919922,246.92556762695312
2022-07-15,147.48828125,249.4912567138672
2022-07-18,144.4436492919922,247.09078979492188
2022-07-19,148.30348205566406,252.22210693359375
2022-07-20,150.30706787109375,254.88497924804688
2022-07-21,152.5758056640625,257.38262939453125
2022-07-22,151.33824157714844,253.02870178222656
2022-07-25,150.21864318847656,251.5417938232422
2022-07-26,148.89276123046875,244.80697631835938
2022-07-27,153.99008178710938,261.17279052734375
2022-07-28,154.54006958007812,268.6268615722656
2022-07-29,159.60791015625,272.8348693847656
2022-08-01,158.62579345703125,270.1817626953125
2022-08-02,157.15255737304688,267.0815124511719
2022-08-03,163.16326904296875,274.5162048339844
2022-08-04,162.8489990234375,275.6629638671875
2022-08-05,162.62278747558594,274.9437561035156
2022-08-08,162.1507110595703,272.42669677734375
2022-08-09,162.19989013671875,274.3509826660156
2022-08-10,166.4486541748047,281.017822265625
2022-08-11,165.7110137939453,278.9380798339844
2022-08-12,169.26145935058594,283.6903381347656
2022-08-15,170.33349609375,285.20648193359375
2022-08-16,170.17613220214844,284.4678649902344
2022-08-17,171.67103576660156,283.71795654296875
2022-08-18,171.2776336669922,282.5979309082031
2022-08-19,168.69100952148438,278.6827697753906
2022-08-22,164.8061981201172,270.50201416015625
2022-08-23,164.47178649902344,269.2262268066406
2022-08-24,164.766845703125,268.5931701660156
2022-08-25,167.22560119628906,271.5733947753906
2022-08-26,160.9213409423828,261.0941467285156
2022-08-29,158.71826171875,258.30877685546875
2022-08-30,156.2889862060547,256.1076965332031
2022-08-31,154.6269073486328,254.64688110351562
2022-09-01,155.35467529296875,253.60476684570312
2022-09-02,153.24014282226562,249.3780517578125
2022-09-06,151.9812469482422,246.641357421875
2022-09-07,153.38771057128906,251.35507202148438
2022-09-08,151.9124298095703,251.7738800048828
2022-09-09,154.77439880371094,257.558837890625
2022-09-12,160.73443603515625,259.69171142578125
2022-09-13,151.30262756347656,245.4142608642578
2022-09-14,152.74839782714844,245.6382293701172
2022-09-15,149.85687255859375,238.97674560546875
2022-09-16,148.2144317626953,238.3534393310547
2022-09-19,151.93206787109375,238.13917541503906
2022-09-20,154.31216430664062,236.12318420410156
2022-09-21,151.1846160888672,232.71453857421875
2022-09-22,150.22076416015625,234.69154357910156
2022-09-23,147.94886779785156,231.71139526367188
2022-09-26,148.2832489013672,231.25367736816406
2022-09-27,149.25694274902344,230.24082946777344
2022-09-28,147.3686065673828,234.7792205810547
2022-09-29,140.13002014160156,231.30235290527344
2022-09-30,135.9205780029297,226.8223876953125
2022-10-03,140.10047912597656,234.4578399658203
2022-10-04,143.6903076171875,242.38540649414062
2022-10-05,143.98533630371094,242.69705200195312
2022-10-06,143.03134155273438,240.3499298095703
2022-10-07,137.7794189453125,228.12742614746094
2022-10-10,138.10398864746094,223.2676544189453
2022-10-11,136.68772888183594,219.5278778076172
2022-10-12,136.05828857421875,219.8589630126953
2022-10-13,140.63160705566406,228.12742614746094
2022-10-14,136.09764099121094,222.59567260742188
2022-10-17,140.06118774414062,231.3315887451172
2022-10-18,141.37905883789062,232.27627563476562
2022-10-19,141.48724365234375,230.30899047851562
2022-10-20,141.0249481201172,229.9876251220703
2022-10-21,144.84100341796875,235.80181884765625
2022-10-24,146.9850311279297,240.79795837402344
2022-10-25,149.8273468017578,244.1189422607422
2022-10-26,146.88668823242188,225.28366088867188
2022-10-27,142.41172790527344,220.83291625976562
2022-10-28,153.17129516601562,229.7148895263672
2022-10-31,150.81088256835938,226.07249450683594
2022-11-01,148.1652374267578,222.2158203125
2022-11-02,142.637939453125,214.35643005371094
2022-11-03,136.58937072753906,208.65907287597656
2022-11-04,136.3234100341797,215.61276245117188
2022-11-07,136.85536193847656,221.9236602783203
2022-11-08,137.42677307128906,222.89759826660156
2022-11-09,132.8655548095703,218.65135192871094
2022-11-10,144.6871795654297,236.63938903808594
2022-11-11,147.4751434326172,240.66159057617188
2022-11-14,146.07626342773438,235.2467041015625
2022-11-15,147.81005859375,235.65573120117188
2022-11-16,146.5786590576172,236.08544921875
2022-11-17,148.47999572753906,236.03660583496094
2022-11-18,149.04151916503906,235.5873565673828
2022-11-21,145.81028747558594,236.39796447753906
2022-11-22,147.9480438232422,239.308349609375
2022-11-23,148.82479858398438,241.798828125
2022-11-25,145.90878295898438,241.7109375
2022-11-28,142.07659912109375,236.11471557617188
2022-11-29,139.07192993164062,234.7181396484375
2022-11-30,145.8299560546875,249.18231201171875
2022-12-01,146.10581970214844,248.7427978515625
2022-12-02,145.61325073242188,249.0651397705078
2022-12-05,144.45079040527344,244.357666015625
2022-12-06,140.7860870361328,239.3962860107422
2022-12-07,138.8453369140625,238.66380310058594
2022-12-08,140.52992248535156,241.62303161621094
2022-12-09,140.0472412109375,239.68930053710938
2022-12-12,142.3425750732422,246.6137237548828
2022-12-13,143.3080291748047,250.9207305908203
2022-12-14,141.0816192626953,251.2137451171875
2022-12-15,134.47132873535156,243.19540405273438
2022-12-16,132.51092529296875,238.976318359375
2022-12-19,130.40274047851562,234.8353271484375
2022-12-20,130.33375549316406,236.15382385253906
2022-12-21,133.43692016601562,238.72238159179688
2022-12-22,130.26480102539062,232.6280975341797
2022-12-23,129.90029907226562,233.15553283691406
2022-12-27,128.0974578857422,231.42686462402344
2022-12-28,124.16679382324219,229.05357360839844
2022-12-29,127.68373107910156,235.38226318359375
2022-12-30,127.99896240234375,234.22003173828125
2023-01-03,123.2112045288086,233.9856719970703
2023-01-04,124.48204040527344,223.75038146972656
2023-01-05,123.16195678710938,217.11891174316406
2023-01-06,127.69355773925781,219.67771911621094
2023-01-09,128.21568298339844,221.8165740966797
2023-01-10,128.78709411621094,223.5062255859375
2023-01-11,131.5060272216797,230.26461791992188
2023-01-12,131.42724609375,232.9406280517578
2023-01-13,132.7572021484375,233.643798828125
2023-01-17,133.91964721679688,234.7376708984375
2023-01-18,133.20050048828125,230.30368041992188
2023-01-19,133.25958251953125,226.51426696777344
2023-01-20,135.8209228515625,234.61070251464844
2023-01-23,139.01283264160156,236.91561889648438
2023-01-24,140.41172790527344,236.38818359375
2023-01-25,139.7516632080078,234.9915771484375
2023-01-26,141.82046508789062,242.2090301513672
2023-01-27,143.7611541748047,242.36529541015625
2023-01-30,140.87474060058594,237.04257202148438
2023-01-31,142.14553833007812,242.0234832763672
2023-02-01,143.2686004638672,246.84811401367188
2023-02-02,148.57852172851562,258.42144775390625
2023-02-03,152.20382690429688,252.3173828125
2023-02-06,149.47494506835938,250.7742156982422
2023-02-07,152.35159301757812,261.3122863769531
2023-02-08,149.6621551513672,260.501708984375
2023-02-09,148.62777709960938,257.46429443359375
2023-02-10,148.9927978515625,256.95648193359375
2023-02-13,151.79489135742188,264.98455810546875
2023-02-14,151.15357971191406,265.8146667480469
2023-02-15,153.255126953125,263.69000244140625
2023-02-16,151.65673828125,256.669921875
2023-02-17,150.5122528076172,252.66537475585938
2023-02-21,146.49661254882812,247.3880615234375
2023-02-22,146.92088317871094,246.2523193359375
2023-02-23,147.40432739257812,249.44418334960938
2023-02-24,144.7502899169922,244.0102081298828
2023-02-27,145.94410705566406,244.93055725097656
2023-02-28,145.44091796875,244.2060089111328
2023-03-01,143.3689422607422,241.12184143066406
2023-03-02,143.96096801757812,245.86068725585938
2023-03-03,149.0125732421875,249.9532928466797
2023-03-06,151.77516174316406,251.50027465820312
2023-03-07,149.574951171875,248.83712768554688
2023-03-08,150.8279571533203,248.3965301513672
2023-03-09,148.57843017578125,247.04537963867188
2023-03-10,146.516357421875,243.39332580566406
2023-03-13,148.46005249023438,248.6119384765625
2023-03-14,150.55174255371094,255.33831787109375
2023-03-15,150.9463653564453,259.8911437988281
2023-03-16,153.7681884765625,270.4261779785156
2023-03-17,152.92953491210938,273.5886535644531
2023-03-20,155.2974853515625,266.5392150878906
2023-03-21,157.15234375,268.0567932128906
2023-03-22,155.7217254638672,266.5979919433594
2023-03-23,156.80702209472656,271.85565185546875
2023-03-24,158.10940551757812,274.70489501953125
2023-03-27,156.16574096679688,270.6024169921875
2023-03-28,155.5441131591797,269.4764404296875
2023-03-29,158.6224365234375,274.6461181640625
2023-03-30,160.19122314453125,278.11212158203125
2023-03-31,162.6973114013672,282.273193359375
2023-04-03,163.95030212402344,281.2256164550781
2023-04-04,163.41754150390625,281.1766662597656
2023-04-05,161.572509765625,278.39599609375
2023-04-06,162.46051025390625,285.50421142578125
2023-04-10,159.86561584472656,283.3404541015625
2023-04-11,158.65203857421875,276.91754150390625
2023-04-12,157.96141052246094,277.5637512207031
2023-04-13,163.3484649658203,283.7810363769531
2023-04-14,163.0031280517578,280.1584777832031
2023-04-17,163.0228729248047,282.76275634765625
2023-04-18,164.24630737304688,282.341796875
2023-04-19,165.3908233642578,282.4200744628906
2023-04-20,164.42391967773438,280.12896728515625
2023-04-21,162.815673828125,279.786376953125
2023-04-24,163.12152099609375,275.8797912597656
2023-04-25,161.58238220214844,269.6625061035156
2023-04-26,161.572509765625,289.1954345703125
2023-04-27,166.16043090820312,298.45770263671875
2023-04-28,167.41343688964844,300.83697509765625
2023-05-01,167.3246307373047,299.17242431640625
2023-05-02,166.2886505126953,299.025634765625
2023-05-03,165.21322631835938,298.0367126464844
2023-05-04,163.57537841796875,299.025634765625
2023-05-05,171.25144958496094,304.156005859375
2023-05-08,171.182373046875,302.1978454589844
2023-05-09,169.4755096435547,300.5823974609375
2023-05-10,171.24160766601562,305.78131103515625
2023-05-11,171.4290771484375,303.6273193359375
2023-05-12,170.50035095214844,302.5111389160156
2023-05-15,170.00634765625,302.9908752441406
2023-05-16,170.00634765625,305.2232360839844
2023-05-17,170.618896484375,308.1080627441406
2023-05-18,172.95059204101562,312.543212890625
2023-05-19,173.0592803955078,312.36663818359375
2023-05-22,172.11077880859375,315.15338134765625
2023-05-23,169.50244140625,309.3444519042969
2023-05-24,169.77906799316406,307.9609069824219
2023-05-25,170.91534423828125,319.8044738769531
2023-05-26,173.32603454589844,326.64361572265625
2023-05-30,175.17361450195312,324.9951477050781
2023-05-31,175.1241912841797,322.2279968261719
2023-06-01,177.9301300048828,326.33941650390625
2023-06-02,178.77984619140625,329.10650634765625
2023-06-05,177.42625427246094,329.6363830566406
2023-06-06,177.0607452392578,327.4187927246094
2023-06-07,175.68739318847656,317.3121032714844
2023-06-08,178.40440368652344,319.1567687988281
2023-06-09,178.7897186279297,320.6580810546875
2023-06-12,181.58578491210938,325.6231384277344
2023-06-13,181.1115264892578,328.01739501953125
2023-06-14,181.74383544921875,331.01007080078125
2023-06-15,183.7791748046875,341.5682067871094
2023-06-16,182.70220947265625,335.9065246582031
2023-06-20,182.79115295410156,331.7068176269531
2023-06-21,181.75375366210938,327.3010559082031
2023-06-22,184.75726318359375,333.33563232421875
2023-06-23,184.4411163330078,328.733642578125
2023-06-26,183.0480194091797,322.43414306640625
2023-06-27,185.80458068847656,328.2920837402344
2023-06-28,186.9803009033203,329.5480651855469
2023-06-29,187.3162078857422,328.7630920410156
2023-06-30,191.6436767578125,334.1500549316406
2023-07-03,190.1518096923828,331.6479187011719
2023-07-05,189.0353546142578,331.804931640625
2023-07-06,189.50961303710938,334.86639404296875
2023-07-07,188.3931121826172,330.8923645019531
2023-07-10,186.3479766845703,325.6034851074219
2023-07-11,185.82431030273438,326.23150634765625
2023-07-12,187.4940643310547,330.8727111816406
2023-07-13,188.2548065185547,336.23028564453125
2023-07-14,188.40301513671875,338.7618713378906
2023-07-17,191.66346740722656,339.2427062988281
2023-07-18,191.4065704345703,352.7445068359375
2023-07-19,192.76016235351562,348.417236328125
2023-07-20,190.8137664794922,340.361328125
2023-07-21,189.63803100585938,337.3194274902344
2023-07-24,190.43832397460938,338.63427734375
2023-07-25,191.2978973388672,344.3941955566406
2023-07-26,192.1673126220703,331.4320068359375
2023-07-27,190.90267944335938,324.5143737792969
2023-07-28,193.48138427734375,332.0207824707031
2023-07-31,194.0939178466797,329.6167907714844
2023-08-01,193.26402282714844,330.02886962890625
2023-08-02,190.27037048339844,321.3547668457031
2023-08-03,188.87725830078125,320.5304870605469
2023-08-04,179.807373046875,321.6295166015625
2023-08-07,176.70501708984375,323.915771484375
2023-08-08,177.64366149902344,319.93194580078125
2023-08-09,176.05291748046875,316.1836853027344
2023-08-10,175.8355712890625,316.8704833984375
2023-08-11,175.8949432373047,314.986572265625
2023-08-14,177.54714965820312,317.9596862792969
2023-08-15,175.55857849121094,315.82049560546875
2023-08-16,174.6879425048828,315.0536193847656
2023-08-17,172.1453094482422,311.5923156738281
2023-08-18,172.63009643554688,311.1990661621094
2023-08-21,173.9657440185547,316.5088806152344
2023-08-22,175.34091186523438,317.0792236328125
2023-08-23,179.18942260742188,321.5434875488281
2023-08-24,174.4999542236328,314.63079833984375
2023-08-25,176.70619201660156,317.5906066894531
2023-08-28,178.26937866210938,318.2986145019531
2023-08-29,182.157470703125,322.929931640625
2023-08-30,185.6498565673828,323.30364990234375
2023-08-31,185.8674774169922,322.2908020019531
2023-09-01,187.44056701660156,323.1757507324219
2023-09-05,187.677978515625,327.98419189453125
2023-09-06,180.9603729248047,327.32537841796875
2023-09-07,175.66737365722656,324.4049072265625
2023-09-08,176.28077697753906,328.6921691894531
2023-09-11,177.44818115234375,332.3009338378906
2023-09-12,174.42079162597656,326.2338562011719
2023-09-13,172.35308837890625,330.45233154296875
2023-09-14,173.86679077148438,333.0482482910156
2023-09-15,173.14456176757812,324.709716796875
2023-09-18,176.07302856445312,323.5691223144531
2023-09-19,177.16128540039062,323.1659851074219
2023-09-20,173.61947631835938,315.41741943359375
2023-09-21,172.0760498046875,314.1981506347656
2023-09-22,172.9269256591797,311.72021484375
2023-09-25,174.20315551757812,312.2413635253906
2023-09-26,170.1270751953125,306.9314270019531
2023-09-27,168.61337280273438,307.570556640625
2023-09-28,168.87060546875,308.40643310546875
2023-09-29,169.3850860595703,310.481201171875
2023-10-02,171.89801025390625,316.43023681640625
2023-10-03,170.5623779296875,308.1606140136719
2023-10-04,171.8089599609375,313.63763427734375
2023-10-05,173.0456085205078,314.03094482421875
2023-10-06,175.59811401367188,321.7991638183594
2023-10-09,177.08213806152344,324.3163757324219
2023-10-10,176.488525390625,322.9102783203125
2023-10-11,177.88351440429688,326.873046875
2023-10-12,178.78382873535156,325.6340637207031
2023-10-13,176.94366455078125,322.2613220214844
2023-10-16,176.8150177001953,327.08941650390625
2023-10-17,175.26174926757812,326.51904296875
2023-10-18,173.9657440185547,324.6015625
2023-10-19,173.58978271484375,325.7914123535156
2023-10-20,171.03729248046875,321.2189636230469
2023-10-23,171.15599060058594,323.82476806640625
2023-10-24,171.59129333496094,325.0145568847656
2023-10-25,169.2762451171875,334.9853820800781
2023-10-26,165.11111450195312,322.41864013671875
2023-10-27,166.42694091796875,324.3066101074219
2023-10-30,168.474853515625,331.68145751953125
2023-10-31,168.9497833251953,332.4681091308594
2023-11-01,172.11566162109375,340.2952575683594
2023-11-02,175.67727661132812,342.5077209472656
2023-11-03,174.76705932617188,346.9129943847656
2023-11-06,177.31956481933594,350.5807189941406
2023-11-07,179.8820037841797,354.5139465332031
2023-11-08,180.94058227539062,357.13946533203125
2023-11-09,180.4656982421875,354.67132568359375
2023-11-10,184.65611267089844,363.5014953613281
2023-11-13,183.07107543945312,360.5613708496094
2023-11-14,185.68638610839844,364.0914306640625
2023-11-15,186.2510528564453,364.2392578125
2023-11-16,187.93515014648438,370.6437683105469
2023-11-17,187.9153594970703,364.41656494140625
2023-11-20,189.65887451171875,371.8951110839844
2023-11-21,188.85646057128906,367.58929443359375
2023-11-22,189.52020263671875,372.2991027832031
2023-11-24,188.19271850585938,371.88525390625
2023-11-27,188.01437377929688,373.0478515625
2023-11-28,188.61866760253906,377.07781982421875
2023-11-29,187.5983123779297,373.2843933105469
2023-11-30,188.17291259765625,373.343505859375
2023-12-01,189.45083618164062,369.0081787109375
2023-12-04,187.65773010253906,363.717041015625
2023-12-05,191.6104278564453,367.04736328125
2023-12-06,190.520751953125,363.38201904296875
2023-12-07,192.4525146484375,365.50048828125
2023-12-08,193.8790283203125,368.7322692871094
2023-12-11,191.37269592285156,365.8453063964844
2023-12-12,192.8883819580078,368.8800354003906
2023-12-13,196.1079559326172,368.8702087402344
2023-12-14,196.25656127929688,360.5541687011719
2023-12-15,195.72161865234375,365.28369140625
2023-12-18,194.0573272705078,367.17547607421875
2023-12-19,195.09750366210938,367.7765197753906
2023-12-20,193.0072479248047,365.1752624511719
2023-12-21,192.85862731933594,368.05242919921875
2023-12-22,191.7887725830078,369.07708740234375
2023-12-26,191.24391174316406,369.15594482421875
2023-12-27,191.34295654296875,368.5746154785156
2023-12-28,191.76895141601562,369.7668762207031
2023-12-29,190.728759765625,370.5156555175781
